tar,exp,run,E,rho,mae,rmse,Jacobian
Pa,1,1,2,0.9287782648946574,0.25048867501417477,0.3687863990657306,-0.2602790701857512
Dn,1,1,2,0.9287889604303171,0.25044603687124606,0.36878711822357857,0.8351100151883756
Pa,1,2,3,0.9421980102075739,0.2568533938879692,0.33334248979333875,-0.3058831816320948
Dn,1,2,3,0.9279045465629489,0.2655440332513691,0.3711916420535057,0.9158254399505787
Pa,1,3,3,0.9335431294949638,0.2842567881605112,0.3573150183947603,-0.3599810376702315
Dn,1,3,3,0.912972292415274,0.31316555097709786,0.40517534834659874,0.8312721981840876
Pa,1,4,2,0.9236543761024981,0.26673201346392184,0.37972146033572785,-0.2965100704360328
Dn,1,4,3,0.9158439077043683,0.2848011539404875,0.3995723828801567,0.8074236274718098
Pa,1,5,3,0.931595727924669,0.2685162741092262,0.36287894087156913,-0.39695554310951214
Dn,1,5,3,0.9150059891854241,0.29620480714913067,0.4016563781057439,0.6458085437612386
Pa,1,6,3,0.9308771078769644,0.2662756470880944,0.3638193473366308,-0.3639479271488659
Dn,1,6,3,0.9108241363878112,0.29024315741748624,0.41000181199748914,0.8276305687552941
Pa,1,7,2,0.9263703963745835,0.27257733293733827,0.37278619181846306,-0.2810311213364038
Dn,1,7,4,0.924999847350495,0.27662958605006777,0.37996112312598407,0.693725925640112
Pa,1,8,2,0.9311824551560032,0.2736682970106357,0.36117428969126286,-0.24155646508987952
Dn,1,8,2,0.9311894560193038,0.2736990639559815,0.36117455478760185,0.8339443908371265
Pa,1,9,2,0.9059713969697922,0.30092387138845716,0.4197498796576749,-0.36218303466696034
Dn,1,9,3,0.8991234827416379,0.3118071950619463,0.435113515002274,0.8251879801816476
Pa,1,10,3,0.9383213206901894,0.25480265682349523,0.3432693352336309,-0.25493976791042705
Dn,1,10,2,0.9325795396894786,0.2638081546893753,0.35735416218704974,0.8446770591910825
Pa,1,11,3,0.9249089836492741,0.27562422568646383,0.3795863530027509,-0.38503593548634574
Dn,1,11,3,0.9020077105704883,0.2965739315348388,0.429355772064142,0.8380693303370739
Pa,1,12,6,0.942269829776551,0.2546985702096353,0.34078422303824407,-0.26427191132908484
Dn,1,12,3,0.9185147686393587,0.289641859062651,0.39277983928497223,0.884636121894297
Pa,1,13,3,0.929423718165856,0.27857942873861535,0.3698720471472963,-0.36104195786455245
Dn,1,13,3,0.9139531017059642,0.296212372835663,0.4039847019660104,0.865979462768459
Pa,1,14,2,0.911791092820923,0.28421906281540654,0.40809619173257655,-0.3297655184640489
Dn,1,14,2,0.9117897663080593,0.28419809990975836,0.4080961230041723,0.814669343996125
Pa,1,15,2,0.923121665515279,0.2712271446288207,0.38081938214838573,-0.2514319035062696
Dn,1,15,3,0.9202189776094366,0.2850269246346801,0.3897262973702851,0.8723682390959848
Pa,1,16,4,0.9208202170631943,0.3003239222680605,0.38970049754049546,-0.32830935311507353
Dn,1,16,3,0.9039728969716869,0.30718091223879856,0.4248511224290497,0.838194737276677
Pa,1,17,3,0.915107184671419,0.27752633772641583,0.4041699366254791,-0.3679421909196635
Dn,1,17,2,0.899687915278098,0.29267708020942457,0.4323317523278897,0.8377010730849722
Pa,1,18,2,0.9155526992541342,0.2801244923477345,0.4004373053197018,-0.37489737964673453
Dn,1,18,3,0.9153645801440757,0.2902334891266951,0.4028620102805734,0.5095775895944032
Pa,1,19,2,0.9237357615239868,0.25652647718611904,0.37923649188636416,-0.30169647342597666
Dn,1,19,4,0.9211728966230167,0.27496951209069437,0.3895749438374986,0.7049112566312873
Pa,1,20,2,0.9088812421528413,0.3062299547678265,0.41268733715789246,-0.28856229473194633
Dn,1,20,3,0.9046617709760228,0.3092578423955283,0.4232694955559293,0.849257919996137
Pa,1,21,3,0.9323413279666465,0.2734723713407331,0.3603416724108841,-0.39824766929751226
Dn,1,21,3,0.9064926235342541,0.2915005266290218,0.4190688617290679,0.7292031315718148
Pa,1,22,2,0.9310917062244769,0.2696977080931127,0.3625899645127153,-0.3333197383199204
Dn,1,22,3,0.925210732085752,0.27229670320137034,0.3780154046222613,0.3803085854942108
Pa,1,23,3,0.9241604881523477,0.2717325565359836,0.3809277531605845,-0.3949625587197791
Dn,1,23,3,0.9023979373942326,0.3063586297666103,0.4293170215581519,0.8495543117074787
Pa,1,24,5,0.9304273404234822,0.273316758472661,0.3708662804798065,-0.3753398697661931
Dn,1,24,2,0.9212814157528953,0.27822334711309804,0.38504026107408956,0.8536087860344688
Pa,1,25,2,0.9204038670860814,0.2969161989155766,0.39056157159093746,-0.3864867123173857
Dn,1,25,2,0.9194610107916077,0.2762282251201914,0.3908670263508517,0.8318944535506336
Pa,1,26,3,0.9376473941378276,0.2576533406914208,0.3476776100275025,-0.38136320245723676
Dn,1,26,4,0.9261057449129921,0.2934354163569213,0.37755803425614476,0.7962051591169098
Pa,1,27,2,0.918122927803084,0.2699084326018694,0.39253543985882494,-0.26500101475924925
Dn,1,27,3,0.9157107829666368,0.2784685427625115,0.3992539021565896,0.8720614251265988
Pa,1,28,3,0.9234947668174138,0.28152283111534454,0.38208209030234686,-0.3838218582075982
Dn,1,28,3,0.9020542470531638,0.30080034427053165,0.4284936694138085,0.8538182986972787
Pa,1,29,2,0.917443328537409,0.27395927714839513,0.39439044920144956,-0.2672875918562044
Dn,1,29,3,0.9123187478613649,0.2882417856224071,0.4075625277293576,0.8300006213833758
Pa,1,30,2,0.9278102902419033,0.2763668253776415,0.370255007469907,-0.5043609615505376
Dn,1,30,3,0.9129088696703759,0.2671341015747942,0.4061721811859475,0.8689359890531027
Pa,1,31,4,0.9349364270903111,0.2501432737805307,0.3566098651510461,-0.28970368616935704
Dn,1,31,3,0.9298265164290687,0.26181014269110436,0.36661403449575736,0.8581409063133044
Pa,1,32,3,0.935748472422222,0.25536493996683113,0.3510081018653331,-0.39407347323163544
Dn,1,32,2,0.9158540803311099,0.27948490924627795,0.39950140828928,0.8643184498896722
Pa,1,33,6,0.9253382481429688,0.29042794945701833,0.3852539488448351,-0.11883263541961159
Dn,1,33,3,0.9038825600450257,0.2926422261633358,0.4252592453888755,0.83273255076922
Pa,1,34,2,0.9197554221052001,0.28647681054730845,0.38887594969085815,-0.46856379489616434
Dn,1,34,3,0.916398054993855,0.29028078502912663,0.3992856110356973,0.522036207856677
Pa,1,35,2,0.9249477145532526,0.2608159297415176,0.37618152926445736,-0.2679334234184959
Dn,1,35,2,0.9249545958648435,0.26072457475012506,0.3761789222548743,0.8379165380771926
Pa,1,36,4,0.9282779263037122,0.2631660382202399,0.3727159807125516,-0.34381883946710007
Dn,1,36,3,0.92226046607665,0.2666046867346196,0.38429120795426797,0.874420762140958
Pa,1,37,2,0.9173972013705421,0.2845723407757471,0.39390588590165465,-0.2925252596947274
Dn,1,37,2,0.9173979599141213,0.2845860799431679,0.39390451578048585,0.8551704753008144
Pa,1,38,5,0.9349178247015382,0.2602170884784438,0.3588376179977795,-0.29337003676462076
Dn,1,38,2,0.9250098142568527,0.2681746237370998,0.37602494221840993,0.8018658287374896
Pa,1,39,2,0.9213135211104835,0.2736081113707849,0.3848896314002332,-0.22249209112297347
Dn,1,39,2,0.9213131918868115,0.27361107065232815,0.38488930316992803,0.8422139921876897
Pa,1,40,3,0.9436236630231724,0.25322066530690146,0.32941737529310833,-0.36039520388020807
Dn,1,40,3,0.9218236076838682,0.28157054262151365,0.38513327003882114,0.6536671358918957
Pa,1,41,2,0.9289041592789692,0.2617255364672841,0.3668101234763956,-0.261631617815188
Dn,1,41,3,0.9260809979986908,0.2665713460321751,0.3751134545512156,0.8945696990993295
Pa,1,42,3,0.9437388494579328,0.25236696716535995,0.3290447957672036,-0.37744090378449807
Dn,1,42,3,0.9191077543036131,0.28648296145368685,0.3914375716810185,0.9006631630619245
Pa,1,43,2,0.9379217422199765,0.2831207587907391,0.34868760485008293,-0.36848687286090975
Dn,1,43,3,0.9181011020716855,0.28124162548009546,0.393953096706562,0.8623854029641213
Pa,1,44,2,0.9235029962410407,0.2563278561710294,0.37991804892790476,-0.27851282936451055
Dn,1,44,3,0.9199586734218802,0.2700850871475618,0.38950819769762735,0.8673479423746874
Pa,1,45,2,0.9296108671970723,0.2544146713593262,0.3663082571805281,-0.37900524013503906
Dn,1,45,3,0.9240158608347697,0.26258664702326806,0.37959970969751927,0.8644909223826105
Pa,1,46,2,0.9153965382936695,0.27932940876293727,0.39876976316798524,-0.3196257244894805
Dn,1,46,2,0.9153920052229727,0.2793899788022209,0.3987692519268627,0.8251580707527036
Pa,1,47,3,0.934190007139868,0.2718421541388545,0.35526332470460764,-0.3883606372374416
Dn,1,47,3,0.9085330678149232,0.3045551150337728,0.41488113020361167,0.8263719091099857
Pa,1,48,2,0.9328203952215763,0.253209390153955,0.3566787370312285,-0.1231429746888754
Dn,1,48,3,0.9301626294021106,0.2675890822431613,0.3647157246987088,0.8942441379771849
Pa,1,49,4,0.9362823946350992,0.2669300219186013,0.3539774188265324,-0.30977018252180816
Dn,1,49,2,0.9213285676767891,0.27607675772450296,0.3870265061814031,0.8130873341191512
Pa,1,50,2,0.9307518783942595,0.2751471943190599,0.3626762638842994,-0.5238898807262552
Dn,1,50,3,0.9163394322890303,0.28756813136821885,0.3977922569855033,0.4069358980554271
Pa,1,51,5,0.9302656553602011,0.25079306229942744,0.3696720945690308,-0.3425498227470661
Dn,1,51,2,0.9240151144528364,0.26864300263174495,0.3787587103555901,0.858293253419585
Pa,1,52,2,0.9360580276137233,0.23742241709854914,0.3485052731833176,-0.25020300503670656
Dn,1,52,3,0.9317643320715021,0.24520997559241417,0.36079074532588556,0.8654350226443388
Pa,1,53,3,0.9374981085687057,0.25255303225751513,0.34728581116537977,-0.38833342816049055
Dn,1,53,3,0.9222551739359014,0.2636141466221679,0.38473948694766175,0.906585807529131
Pa,1,54,3,0.929091889766995,0.2674443199167635,0.3675565803146098,-0.3770267657725758
Dn,1,54,3,0.8990410399907005,0.3062314326027501,0.43488651115580557,0.8387566519525668
Pa,1,55,3,0.9301274018243848,0.2550964807262469,0.3656939177514003,-0.38011824866334115
Dn,1,55,3,0.9060828586743384,0.29462064989625136,0.4205775897378936,0.841244212976549
Pa,1,56,3,0.9336930123667828,0.25755822013917123,0.35590876028129503,-0.3491875255301669
Dn,1,56,3,0.9092880151308721,0.2879430144077843,0.4145772585170471,0.8231449809677077
Pa,1,57,4,0.9249675154673473,0.27836321142292303,0.38059809286476437,-0.36561941292607236
Dn,1,57,4,0.9154007301675938,0.29304656746229973,0.4028637487366374,0.70690645140384
Pa,1,58,3,0.9325065737992818,0.2628829871900389,0.3611419625451105,-0.33248779479364665
Dn,1,58,3,0.9201980073127891,0.2692568997214669,0.38905324776063843,0.9054871599823865
Pa,1,59,6,0.940172859732423,0.23555273945845398,0.34612690370068927,-0.26232149071177185
Dn,1,59,2,0.9314384685413111,0.25124139290113384,0.3604613112064616,0.8347797435613448
Pa,1,60,3,0.9341575276190199,0.2716155718220468,0.3561885589284291,-0.38296694682156046
Dn,1,60,3,0.9159128164484566,0.2829115073188284,0.40209935862566537,0.9234800786988498
Pa,1,61,2,0.9177612774330445,0.2824253652544119,0.3931153767207369,-0.30467620408656465
Dn,1,61,3,0.9112550333591948,0.3003915680063222,0.4090972603470493,0.8126211206033347
Pa,1,62,2,0.9351720819547371,0.26890976660944715,0.3527651742210686,-0.4315346307103062
Dn,1,62,3,0.9312219159594884,0.26431091097068293,0.36276935660283405,0.42243557645447244
Pa,1,63,3,0.942507119812521,0.254491905628886,0.332100290902749,-0.36265988007095307
Dn,1,63,4,0.9215669839435292,0.29599597793477617,0.389440863867612,0.6215097338699388
Pa,1,64,3,0.9340843386517944,0.2768050082155715,0.3591784233888441,-0.3658480856421779
Dn,1,64,3,0.9147730841377268,0.2873992413339448,0.40159763107586366,0.876248267394958
Pa,1,65,2,0.9205584398144628,0.2767200496575669,0.387150817088602,-0.25036733243347464
Dn,1,65,3,0.9178640262964877,0.28488364615836786,0.3946471023462317,0.8510652771553222
Pa,1,66,2,0.9112051687387777,0.2819168764909594,0.40783467106804994,-0.27999163936009414
Dn,1,66,3,0.9053248601701637,0.3013833514932159,0.4216898200875264,0.8383186736378031
Pa,1,67,2,0.9173608863350282,0.2614797272584108,0.3942524873964179,-0.313459268705825
Dn,1,67,3,0.9137089511462131,0.2686802051959965,0.40399725018599025,0.8633973703456356
Pa,1,68,2,0.9164982422931719,0.271459307614788,0.397783601718475,-0.35445425285674137
Dn,1,68,2,0.9165161236271137,0.2714719657526158,0.3977834559905669,0.8286769628802582
Pa,1,69,3,0.9283257772062218,0.26314525076256595,0.3702664823603507,-0.3409717403404014
Dn,1,69,3,0.9102337564980542,0.28560575479960676,0.41130572016759986,0.8747809503948436
Pa,1,70,2,0.9211519008318035,0.2712327136632774,0.3861307706254598,-0.32731961720972297
Dn,1,70,2,0.9211407619399485,0.2712610350100186,0.38612995340189704,0.8579932410049627
Pa,1,71,2,0.923174263457143,0.26933396719636665,0.3810677707208868,-0.26767727668003083
Dn,1,71,3,0.9219556834956882,0.268867375221407,0.3859687351842017,0.9213443263738763
Pa,1,72,3,0.9297035441312727,0.2734322772620571,0.3676939640147448,-0.37954988598081524
Dn,1,72,3,0.9121941653345264,0.28947015663422954,0.407447978620401,0.8609284725604409
Pa,1,73,3,0.9366089657662975,0.26492571200986137,0.3485748554498483,-0.39495778244976076
Dn,1,73,3,0.9100479235693381,0.2967060308557423,0.4120713079194426,0.8463172871452557
Pa,1,74,3,0.9289819309383588,0.2687532467624723,0.3682148372454343,-0.37738261352367064
Dn,1,74,3,0.9126952442998156,0.2841608442921446,0.40598595929796594,0.8563609632095155
Pa,1,75,2,0.9357601990807691,0.26796893473313493,0.34906153930013156,-0.3348546103827934
Dn,1,75,3,0.922770921124107,0.2928466097530332,0.3831739321422068,0.36073503603916846
Pa,1,76,2,0.9156296097182749,0.2832194086523737,0.3979906256302672,-0.28797784778329827
Dn,1,76,3,0.909395444746204,0.29693976006686623,0.41293990163479727,0.8162438927172198
Pa,1,77,2,0.9283104593461349,0.273547880612908,0.37063150891276647,-0.016876329400459876
Dn,1,77,3,0.9167007715660492,0.28624470684277553,0.3962645940701148,0.82077756205383
Pa,1,78,2,0.9190752474230651,0.2662708544486743,0.3904920632388135,-0.29071946154714196
Dn,1,78,3,0.9166262197372246,0.27127987098698475,0.39752394782943334,0.8795765559706711
Pa,1,79,2,0.927709740748625,0.27741418603786944,0.3702365625433201,-0.16687290246184502
Dn,1,79,3,0.9209627122030821,0.2829773531502994,0.38768228562382456,0.7075030076267903
Pa,1,80,2,0.9207108972829385,0.28101032333349685,0.38606817684596434,-0.2610304392777746
Dn,1,80,3,0.9149391567335909,0.2888216353011576,0.40061827424396607,0.7991746517704984
Pa,1,81,5,0.9225164831491094,0.27633153879082095,0.3894479356132628,-0.3841694716097465
Dn,1,81,3,0.9100682100298438,0.2818234872687871,0.41206578224373774,0.867536779792416
Pa,1,82,2,0.9383997151587486,0.25069708537389396,0.3422813899595187,-0.23928040249371296
Dn,1,82,3,0.9346733892829939,0.25763078653488614,0.35289393599948876,0.9007788087759957
Pa,1,83,2,0.9315632060141195,0.266972172224975,0.36075734367177337,-0.44666743774568046
Dn,1,83,2,0.9315849894840821,0.2671055483158087,0.3607587096401623,0.6839778465420213
Pa,1,84,3,0.9325452265218159,0.2719861406949843,0.3610115525080259,-0.4028583029786975
Dn,1,84,2,0.9204791730075135,0.28434118015572984,0.3867403459805709,0.879139231535092
Pa,1,85,2,0.9331683755367559,0.2703646071631027,0.3601487292390489,-0.6676586636973851
Dn,1,85,2,0.9331741164632574,0.2703479417090371,0.36014874186999696,0.8711098577052845
Pa,1,86,2,0.9132391443835565,0.27207551412061665,0.40424008126464855,-0.27812810012182176
Dn,1,86,2,0.913244466688426,0.27201385274242623,0.40423979661685927,0.8362769281615494
Pa,1,87,2,0.9206274431084467,0.264391101156379,0.38741251831134765,-0.24563011398821866
Dn,1,87,4,0.9203280686752109,0.2854097635252969,0.39389883684357363,0.7051076145030132
Pa,1,88,2,0.8993892889715336,0.30545342577629997,0.432793064690922,-0.34332094452065204
Dn,1,88,3,0.894227102659697,0.31555143294777493,0.44459517762868983,0.8147431123839963
Pa,1,89,3,0.9321743387892779,0.27476011102659953,0.359964765228888,-0.4115596858418393
Dn,1,89,3,0.9080633107704358,0.2845753432747314,0.4164520958501734,0.7974377116994176
Pa,1,90,2,0.919403622344637,0.28373535346657547,0.39014300657900414,-0.2895504707732276
Dn,1,90,2,0.9194036792984106,0.2837215128917555,0.3901440537264474,0.8471236128719419
Pa,1,91,2,0.9174188998481245,0.2774884967238794,0.39375973652335783,-0.22891296324621058
Dn,1,91,3,0.9120437391922547,0.28563477164869683,0.4077078420289019,0.8875670840600182
Pa,1,92,2,0.9087867799578104,0.2930104501992403,0.41401293834560754,-0.3202058195768827
Dn,1,92,2,0.908775655124386,0.29303789232676747,0.4140123864296851,0.8405999950477766
Pa,1,93,2,0.9432218142065532,0.24448856293158938,0.3292130195723639,-0.06960779257888335
Dn,1,93,2,0.94322213620251,0.24432064051611055,0.3292161131420866,0.9207074600795787
Pa,1,94,4,0.9294656066578304,0.2746403610496455,0.372089398955768,-0.2673167011887919
Dn,1,94,3,0.9067782455790029,0.29759480555150086,0.4191478114669856,0.8304521776462829
Pa,1,95,3,0.9318242710633001,0.26317207054050007,0.36112407283368514,-0.39295718876340985
Dn,1,95,3,0.9127504435963514,0.29211554297088205,0.40580259671097885,0.8348674175528421
Pa,1,96,2,0.9242820058789504,0.29181496286753217,0.38042217555527646,-0.4939715909186746
Dn,1,96,2,0.9241941081012959,0.29159404874674744,0.3804455302176444,0.9892544997085463
Pa,1,97,3,0.9365604663756255,0.2588148775809705,0.34923382248142726,-0.3832885288101325
Dn,1,97,3,0.9222264487234121,0.2745278481185839,0.3846216773986117,0.30949026882142916
Pa,1,98,3,0.9355428399859974,0.2637405808999351,0.35208403471156224,-0.3966358495798975
Dn,1,98,2,0.9216185487310034,0.2691724497286576,0.3857974752023918,0.8445178954346252
Pa,1,99,3,0.9283620938048396,0.27619602209074845,0.37039688316705144,-0.3752002642139813
Dn,1,99,4,0.9135679178529007,0.2873433874856555,0.4075561318849104,0.6546197759041844
Pa,1,100,2,0.9301752027078346,0.2640577757883712,0.36493578486433786,-0.2691753334809061
Dn,1,100,2,0.9301784771555981,0.26398591861143067,0.3649345948021047,0.8172260355668767
Pa,2,1,8,0.9457632274561383,0.2285117942069005,0.28730857837014057,-0.23647048211545704
Dn,2,1,2,0.8990844256962507,0.3304288960732896,0.4276787248439988,0.8172497104499531
Pa,2,2,8,0.9578529958606061,0.20455873148810885,0.25430218154855944,-0.22126569037098837
Dn,2,2,3,0.9140573520058155,0.30197546403956604,0.3914768504457569,0.7575397873531841
Pa,2,3,8,0.9544557592770161,0.20570032899781054,0.26038679527786407,-0.21235044879915418
Dn,2,3,2,0.9216755049566523,0.3041358640114328,0.3808357544714136,0.9697066037144538
Pa,2,4,8,0.9448200770189231,0.22384999239881104,0.28751561338110165,-0.23342351643238154
Dn,2,4,2,0.8969561365573722,0.33169244592576236,0.4331572326266495,0.8353105300197832
Pa,2,5,8,0.9550317323327864,0.20564551754156557,0.2627028906900282,-0.20375120827564508
Dn,2,5,3,0.9250386881045319,0.30624449532817466,0.3669063229448619,0.7459484290107604
Pa,2,6,2,0.9013252743358087,0.30831960430733285,0.42202989999524915,-0.45750211866446294
Dn,2,6,2,0.9013248114984829,0.30832724113125876,0.422030512508287,0.83768003013302
Pa,2,7,8,0.9522280645000086,0.2120737193361985,0.27157964969271,-0.21903603155879922
Dn,2,7,3,0.90276321633333,0.30862136530938006,0.41638123787493414,0.7560841215841865
Pa,2,8,8,0.9367294896186792,0.2491114169821984,0.3092444893766715,-0.17810976985618074
Dn,2,8,2,0.9094260872863685,0.31767732069302107,0.4062714298948646,0.8838501710996092
Pa,2,9,8,0.9453126075607473,0.22389851887547838,0.28354565905419227,-0.17570748011479143
Dn,2,9,2,0.8953866703218426,0.3207183082121879,0.4359696070181404,0.8364543684036037
Pa,2,10,8,0.9590147461103321,0.19975496750092314,0.2492169682273779,-0.17753914800743634
Dn,2,10,2,0.9132648212109022,0.2885420145188871,0.3976677592596825,0.8469144046538626
Pa,2,11,8,0.9547377255104198,0.21591259260245665,0.2650083214285182,-0.18437999526114093
Dn,2,11,3,0.9139332769431902,0.32110991888980017,0.3958413774249604,0.791180434095167
Pa,2,12,2,0.9072812266522846,0.3173837147298024,0.41133624000553604,-0.3870458769702454
Dn,2,12,3,0.9121531895793945,0.30890572104911157,0.39751097711215755,0.752019335312856
Pa,2,13,8,0.9487422043478214,0.22422176312107872,0.27853161736365367,-0.22879615501809406
Dn,2,13,2,0.8958400033607168,0.3299349410406547,0.4333145344570742,0.8110262439018499
Pa,2,14,3,0.9431764431700631,0.2635333967973044,0.322281446453835,-0.17849148257652225
Dn,2,14,2,0.9070966390146459,0.32396460075299244,0.4119081973547317,0.8298198652481769
Pa,2,15,8,0.9541521766137628,0.20104210472129816,0.25976898675282456,-0.22584873182303863
Dn,2,15,2,0.9136852088310878,0.31048492222765034,0.39999543612704197,1.1103049283825
Pa,2,16,8,0.9448208201764511,0.2267395381636351,0.2891737892416479,-0.2213684145977946
Dn,2,16,2,0.9008468085839666,0.3088315129231646,0.4243621195691828,0.8422066689338951
Pa,2,17,8,0.9576867977552349,0.20443948956642605,0.2530364120172659,-0.21164992961804968
Dn,2,17,2,0.9054864155366826,0.29216334727747084,0.4144940355626856,0.8293796641886562
Pa,2,18,8,0.9491291970501238,0.22826732475260084,0.27869268346931486,-0.18023264340286854
Dn,2,18,2,0.9013769081982789,0.31784273290190335,0.4222196120402312,0.8458434198521783
Pa,2,19,8,0.9414296853965046,0.2150495605892779,0.3004009093465456,-0.14227507875035175
Dn,2,19,3,0.9038505372380102,0.3063288198558437,0.4136675337398503,0.7451808096547267
Pa,2,20,8,0.9543797848271154,0.19327354255090778,0.2631227659215346,-0.2128740642126554
Dn,2,20,3,0.9125329852453972,0.31289289668249304,0.3962121327085135,0.7640152329308939
Pa,2,21,8,0.9529392395832424,0.21189172912811652,0.26567555238533036,-0.20689248620788925
Dn,2,21,2,0.9125371317098651,0.3006303632832323,0.39882554408399296,0.8812694984952824
Pa,2,22,2,0.9221333039434653,0.2909734646537381,0.38172506434564807,-0.5637612280658272
Dn,2,22,3,0.9098335025703851,0.2895498266120095,0.40090832784320585,0.7196840844549305
Pa,2,23,8,0.9530991719361063,0.21388049261301906,0.26979971937144265,-0.2857083034219584
Dn,2,23,3,0.9206309898154775,0.2937031828944377,0.37789853745347807,0.7855515365764398
Pa,2,24,8,0.9531767561828426,0.20802985230503307,0.26489392481625323,-0.22051547819603287
Dn,2,24,3,0.8997743764579998,0.31768186013024646,0.4214142493297816,0.6973143543063275
Pa,2,25,8,0.9488004469257758,0.22605334134040136,0.2813249816315839,-0.22720743540720123
Dn,2,25,2,0.9043134412318551,0.31245401649555204,0.4174725296970166,0.8337107530357116
Pa,2,26,8,0.9509537124097555,0.2086904842833079,0.2668580382394995,-0.19215067876470976
Dn,2,26,3,0.9197416894327207,0.3109836805888308,0.3796220863667504,0.7947640184967306
Pa,2,27,9,0.9315576128434049,0.2317959525876615,0.3058875110710954,-0.12619311582393525
Dn,2,27,4,0.9135511357346087,0.2892316975074394,0.39040561118455647,0.686451808583274
Pa,2,28,3,0.9383924104549046,0.256043301867985,0.3349847474125666,-0.24014875559674906
Dn,2,28,3,0.9148656467093969,0.29982161836710836,0.39119837058301865,0.7590756520455865
Pa,2,29,3,0.9546395268283028,0.2244193288171754,0.28904011833527554,-0.22846705592825917
Dn,2,29,3,0.9074477489059478,0.3270887494570159,0.4076580656301643,0.8097370505471826
Pa,2,30,8,0.9452991481523726,0.2051083028333188,0.282175833960131,-0.2015846126433728
Dn,2,30,3,0.8931390641959474,0.32899472038305844,0.43510344153828356,0.6968582407436792
Pa,2,31,8,0.935559317128829,0.24202645974931228,0.3056582786953307,-0.11151306976315363
Dn,2,31,2,0.8894968808680047,0.3485642359948643,0.44623062925527707,0.8122776381397966
Pa,2,32,3,0.9443772962800994,0.2564463365047117,0.31887717641534863,-0.2671034542043271
Dn,2,32,2,0.9247540558134117,0.30167131582474305,0.37381752826110554,0.8517578980100223
Pa,2,33,8,0.9476946680192614,0.2404374202774725,0.28556573814826,-0.12609997245807072
Dn,2,33,2,0.9044435570329354,0.32472718879246065,0.4155270329351197,0.8569305086114148
Pa,2,34,8,0.9426291732299056,0.23651652599871983,0.2986187483686935,-0.26154423883121186
Dn,2,34,2,0.9153525686911747,0.31916402011364275,0.39491552396945345,0.754663230636434
Pa,2,35,8,0.9467076124316532,0.21013589594820462,0.2795792303805602,-0.17128321766040647
Dn,2,35,3,0.8964066974595766,0.31364837947115637,0.42823968818636504,0.7071372833564482
Pa,2,36,8,0.951858652898249,0.20373152802534497,0.2678258837875274,-0.18645883965290963
Dn,2,36,3,0.9131877957092875,0.30217530707971274,0.3945355736708139,0.7928085249818454
Pa,2,37,8,0.95682050193288,0.2003249736698894,0.25422764672381826,-0.2088710309569931
Dn,2,37,3,0.9163064323280108,0.2843821313978701,0.38749343282343124,0.7718885727961349
Pa,2,38,8,0.9517678849352528,0.2185028689561314,0.27521594561198753,-0.16049595107482229
Dn,2,38,3,0.9106665905965978,0.3025563284954316,0.4017541667396794,0.7884138522136672
Pa,2,39,8,0.9476407234160314,0.22561039513558104,0.2818152049991436,-0.17437195452111706
Dn,2,39,2,0.8963251567072343,0.3278447862583791,0.43490543823734507,0.8376188566082434
Pa,2,40,2,0.9198284111349583,0.29089933040745464,0.3831917086395929,-0.48828643457480386
Dn,2,40,3,0.9146866763888007,0.30266503382658966,0.3906231280715183,0.7573164311368218
Pa,2,41,2,0.9070201608757102,0.31757466635781473,0.41097308991497244,-0.4345303945634965
Dn,2,41,3,0.9198183823158408,0.2976055121344824,0.38016752425763245,0.7570748191673496
Pa,2,42,8,0.9540648192290293,0.20327413463319302,0.26333515512623923,-0.2458568514903763
Dn,2,42,3,0.9175102699700032,0.30274119163929175,0.3849172724193861,0.862885143305684
Pa,2,43,8,0.9552389299156855,0.21372764250092746,0.2585018631987145,-0.1318847721443308
Dn,2,43,3,0.9084474182325105,0.2946556920877311,0.40715782198262157,0.823098146553734
Pa,2,44,8,0.9561668453130052,0.21294370437848445,0.2590227846290546,-0.2372381756763167
Dn,2,44,3,0.90275396870903,0.3136155193296649,0.4166581176676688,0.7102769591923553
Pa,2,45,8,0.9616406859229036,0.19324660591295978,0.24059293019516476,-0.19050797703236572
Dn,2,45,2,0.913913918301179,0.3049570784243677,0.39661195925021847,0.8470602770626652
Pa,2,46,8,0.9565593197396548,0.2091933164667814,0.2560523118545636,-0.2172963304371453
Dn,2,46,3,0.9057351252067206,0.31722598234015126,0.41058467553636707,0.7193149137835478
Pa,2,47,8,0.9468116577956973,0.21628575652739462,0.2804502245316537,-0.183767702228478
Dn,2,47,2,0.9155369363995952,0.30989654858904936,0.39369173240414856,0.7128360822908195
Pa,2,48,8,0.9559603174107953,0.2067313305527784,0.259709550102714,-0.2525839866562218
Dn,2,48,3,0.9098420365685848,0.3051299283662456,0.4021252397865486,0.7816404322316767
Pa,2,49,8,0.9435426239214436,0.22080522523478657,0.2959589293052983,-0.09735068471130807
Dn,2,49,3,0.9037389832525388,0.31890128362364306,0.413811420578634,0.7574872407843659
Pa,2,50,8,0.9344019134729569,0.24703777833374804,0.31463390346597203,-0.14302213546730094
Dn,2,50,2,0.904251139026264,0.31634811484839814,0.41636970509402477,0.8589992213193385
Pa,2,51,8,0.9483833841210246,0.22092941261489177,0.28492690008357435,-0.21283020377462222
Dn,2,51,3,0.9165837687964143,0.2981793068140853,0.3876074908850564,0.7846308696777164
Pa,2,52,8,0.9516958634232475,0.21385220831735333,0.2699236765658848,-0.21297108100837422
Dn,2,52,3,0.9087898106131241,0.3039083698302037,0.4043422570615987,0.7362502129419415
Pa,2,53,8,0.9447948496008761,0.23981307450859074,0.2854726461168138,-0.1780893734448017
Dn,2,53,3,0.8999901571613284,0.3094578463741088,0.4222321437874957,0.747859928829389
Pa,2,54,8,0.9519436292081687,0.21031884558368782,0.26977601307977495,-0.20685212393122768
Dn,2,54,2,0.9050338381521995,0.3081125895364403,0.4152658250753424,0.8458610187407885
Pa,2,55,8,0.9486925018825829,0.21393298395505908,0.2764451718942228,-0.21681318566808938
Dn,2,55,2,0.8949186813169709,0.3140512624986753,0.43587440905836444,0.840859546460419
Pa,2,56,9,0.9420509480964003,0.20701077200186843,0.27671551180196785,-0.10866720417792915
Dn,2,56,3,0.909359331920739,0.3142829734631036,0.40292488702626716,0.71856265879909
Pa,2,57,8,0.9496208219102,0.22718971494424056,0.2752874719051826,-0.19858248251602945
Dn,2,57,3,0.9163500056707355,0.3179478321087306,0.3884558423430812,0.8343341775860437
Pa,2,58,2,0.8996340714226273,0.3181385957530936,0.4267999498338457,-0.41531801641928257
Dn,2,58,3,0.9004864451641875,0.3131523207361607,0.4214036841454334,0.7590156640551079
Pa,2,59,8,0.952369376117554,0.20820167863776798,0.26763160455461416,-0.27026303677713703
Dn,2,59,3,0.8981456086595214,0.3061940403347265,0.42589706592136406,0.7198424863819426
Pa,2,60,8,0.9356380097048336,0.2560269316384438,0.31315511672156054,-0.14358563920591996
Dn,2,60,2,0.8981538095531348,0.3545908184361932,0.43053647416267116,0.6791057963411591
Pa,2,61,8,0.9448753634046325,0.23614705983615397,0.29236018570201344,-0.20867010905915398
Dn,2,61,2,0.9056703281071893,0.3149223046136963,0.4147082810295362,0.8436154597847363
Pa,2,62,2,0.9057187550893774,0.29719944740749266,0.41425293352797277,-0.43610032896869266
Dn,2,62,2,0.9057182506618953,0.29718053835711633,0.4142536865665267,0.8466203432683919
Pa,2,63,2,0.9257594203674836,0.2705096503990973,0.36971114931721305,-0.5895370292840513
Dn,2,63,2,0.9245781334600521,0.27386463173802367,0.3719475418103109,0.6074375357087964
Pa,2,64,8,0.9468724438685989,0.23491165093317698,0.28644193871438944,-0.2822443559616148
Dn,2,64,2,0.9051725327672724,0.3102229877878587,0.41468478719304086,0.831484571880437
Pa,2,65,8,0.9544527604300181,0.19701907595831517,0.2624356792283278,-0.17248887570145033
Dn,2,65,3,0.9023457357214463,0.302927887121738,0.4172854877715374,0.7511808574780057
Pa,2,66,8,0.9477619031109015,0.22143344469120135,0.27947708107938013,-0.1874463928263955
Dn,2,66,3,0.9113552562987813,0.3081343298436056,0.39858249931866996,0.8849898608476877
Pa,2,67,3,0.9428131817863326,0.2563462757198635,0.32239512949411875,-0.09074051981946335
Dn,2,67,3,0.9132319127365387,0.3128090862490877,0.39574561653901785,0.8273577143923315
Pa,2,68,8,0.9427285036036651,0.22413372223259115,0.29246628542296044,-0.15898934689137406
Dn,2,68,3,0.8958169353546105,0.3221624162438285,0.42905009045403086,0.7188818098451969
Pa,2,69,8,0.9545074393510959,0.19854993197168594,0.26279936138125015,-0.20465496881757836
Dn,2,69,3,0.9174202436582901,0.31214170456058443,0.3868837813122397,0.7463311736818167
Pa,2,70,8,0.9664576024250758,0.18418401861898565,0.22515843140989975,-0.21006403789707218
Dn,2,70,2,0.9229731522579645,0.29171128779569866,0.3791598783589254,0.8882994866078326
Pa,2,71,8,0.9563503003339855,0.1983550273401031,0.25966031395170447,-0.281579776294774
Dn,2,71,3,0.912852827848841,0.3227485075340776,0.39777683135932945,0.7215846700622224
Pa,2,72,3,0.9380926151017934,0.27296220281230105,0.33590872138222616,-0.3038659529124432
Dn,2,72,2,0.9006352948855006,0.32359323025921627,0.42516540129643354,0.8321571571108621
Pa,2,73,2,0.9029837359302741,0.32539628752033617,0.42073730162255624,-0.5402201088857899
Dn,2,73,2,0.9029859824058798,0.32543964886158294,0.42071972817205605,0.8104808830070637
Pa,2,74,8,0.9469107090401659,0.2290475339980991,0.28561506712570084,-0.10530651400124111
Dn,2,74,2,0.9014585000218598,0.31396903139340693,0.4224648242118171,0.8394077116513395
Pa,2,75,8,0.9586065964606475,0.221771733584574,0.2533113939290034,-0.20000169894325923
Dn,2,75,2,0.901476525018879,0.31720291979313786,0.4243459339718226,0.8214963017849166
Pa,2,76,8,0.9559389058782974,0.20725090725712805,0.26194227341520526,-0.1533974786970124
Dn,2,76,2,0.90386427091248,0.3209947993296356,0.419036990732313,0.7478131837133828
Pa,2,77,2,0.9124574482517205,0.2917428125834348,0.39990838342679397,-0.4411915912223452
Dn,2,77,2,0.9124565898636042,0.2916469120396377,0.3999078990905787,0.8532606424613711
Pa,2,78,8,0.951402762210315,0.21404498139781758,0.2751546144186067,-0.10886504539718583
Dn,2,78,2,0.908066768510473,0.3152855519462565,0.40944006592969456,0.7939373928086543
Pa,2,79,8,0.9592367154602423,0.20180504167250626,0.2507910250398727,-0.15865128968168524
Dn,2,79,2,0.9136870453446798,0.30571108965695437,0.396374197984194,0.838951372759062
Pa,2,80,8,0.9344783284513002,0.2483496958330905,0.3153971421730002,-0.21183070001305235
Dn,2,80,3,0.903828827030724,0.3175912106332022,0.4140592812462055,0.7553657557131471
Pa,2,81,8,0.9618958661924873,0.2084750890972247,0.24822319964637546,-0.18227947373378406
Dn,2,81,3,0.9046350559979257,0.29821755557555635,0.4150832548520112,0.7590012718250182
Pa,2,82,2,0.918684499699517,0.29489012193011177,0.3895901324886332,-0.568710926463442
Dn,2,82,3,0.9129511760691528,0.3027795953817587,0.3940227274651395,0.763857377052473
Pa,2,83,8,0.9619427700075532,0.1933516780359821,0.24536534001291163,-0.26049794989332914
Dn,2,83,3,0.9045683340387405,0.31861859019892214,0.41511733680028196,0.7114922165668345
Pa,2,84,8,0.9456977006886842,0.23288994735002738,0.28489331487400094,-0.18356435109652516
Dn,2,84,2,0.9015202686177124,0.31241859391128657,0.42184255379627106,0.8010042226926481
Pa,2,85,8,0.9385325948479539,0.25480080502161007,0.30713094195937807,-0.21592562291812237
Dn,2,85,2,0.8977686002546402,0.3224638872381114,0.43060089496653875,0.8375596667735457
Pa,2,86,3,0.9237212030643828,0.28393901772554636,0.3713541114247125,-0.23823205454175997
Dn,2,86,3,0.9000263536474011,0.31477065405000276,0.4225899998019213,0.7315997732519135
Pa,2,87,3,0.9409340629225893,0.2628725761655924,0.3287082667502049,-0.22543032997085946
Dn,2,87,2,0.9057275359946234,0.30671803178811247,0.4146066185008545,0.8386117005984512
Pa,2,88,2,0.9048654660372091,0.3184788794354455,0.4153996538699274,-0.42404403925288425
Dn,2,88,3,0.924397506623882,0.28984057892042564,0.3692277802139313,0.7919346269832299
Pa,2,89,8,0.9742015152364253,0.1655830826605966,0.1990488289696112,-0.10084948603363203
Dn,2,89,3,0.9092080505509819,0.317837887502792,0.40337786523714697,0.8410633058138284
Pa,2,90,3,0.9453845285611823,0.24268744848161258,0.31611862925579964,-0.19753545029024674
Dn,2,90,3,0.8997381872215778,0.30845754465438086,0.4221388954853109,0.7566412704585525
Pa,2,91,8,0.9612413342504645,0.19514737534980214,0.24437835864894306,-0.22031316613406488
Dn,2,91,3,0.9075954485149429,0.3028107777470148,0.40838229476041177,0.7737071590191975
Pa,2,92,8,0.946275652374701,0.22794451164701246,0.2889478146443397,-0.24995147747479018
Dn,2,92,3,0.9377379741245425,0.2614507053151995,0.3367671224277352,0.8021658205085371
Pa,2,93,8,0.9519399027284923,0.21887695586978884,0.27123305856016894,-0.12079806497937497
Dn,2,93,3,0.910509234493995,0.30925129515684646,0.39987853069922263,0.7332489083689063
Pa,2,94,8,0.9348070964472583,0.2470393636572963,0.30886466730958206,-0.21170873350571015
Dn,2,94,3,0.8931393520538634,0.3215454851568117,0.4364012392680059,0.7262731121714416
Pa,2,95,8,0.9487227938532982,0.2072024668831826,0.27947018950570895,-0.2048230904500578
Dn,2,95,3,0.9148752271477524,0.27903261340255653,0.38928187129324265,0.7794208558466363
Pa,2,96,7,0.9522148073402332,0.21796965331686058,0.28835460042738903,-0.15554040562447627
Dn,2,96,2,0.8995409577166523,0.3268212084503147,0.42656886950603723,0.8613423803687542
Pa,2,97,2,0.9151464048050145,0.31365102546121293,0.39539797152952444,-0.4899913994082051
Dn,2,97,3,0.9218994732388592,0.2882361951654098,0.37585266956146635,0.7958861456988033
Pa,2,98,8,0.9330108640003217,0.24834149973369699,0.3202406752287548,-0.16537208132035758
Dn,2,98,3,0.9052958070569705,0.3249831652608127,0.4113993766192555,0.6799923248747161
Pa,2,99,8,0.944428205079235,0.23065352220529897,0.2902887106321424,-0.1633890997535072
Dn,2,99,2,0.8950115385419098,0.3435637950098057,0.4368746635679052,0.7718280547343609
Pa,2,100,8,0.9586933290398971,0.1970850269907174,0.25470691569402115,-0.22140799463626318
Dn,2,100,3,0.9115721442201942,0.3046674731501998,0.39894061457005364,0.7734671424687087
Pa,3,1,2,0.9633728151047787,0.21385961266900455,0.26116661821655973,-0.37838554361522936
Dn,3,1,4,0.9740914124313156,0.1808541873533945,0.21679937881658115,0.5688211600616415
Pa,3,2,2,0.9603358401322348,0.217045214884712,0.27154113779540295,-0.36847293757527816
Dn,3,2,4,0.9703563721457343,0.19301630304169456,0.2329086567628188,0.5321562157254139
Pa,3,3,2,0.9685582006106447,0.1985621741094947,0.24221095889238994,-0.37945511249468894
Dn,3,3,4,0.9773248939301279,0.17289126541824926,0.20303323050698496,0.9201092718979231
Pa,3,4,2,0.9623745392523998,0.21358078216644258,0.2646384019885802,-0.37443794635528516
Dn,3,4,5,0.9728823874524803,0.1719718355512744,0.2229517162548096,0.9387036411397515
Pa,3,5,2,0.9632784880826296,0.20854573912491065,0.2614381760426632,-0.3803801321578505
Dn,3,5,4,0.9730464379301139,0.1730948547114337,0.22108115307236542,0.9850463706144935
Pa,3,6,2,0.9654127814502004,0.20358991800872292,0.25393905341793266,-0.37791032953725895
Dn,3,6,4,0.972446587415952,0.18693185584010838,0.22330160262389476,0.7192414898386918
Pa,3,7,2,0.9668697895215261,0.20589794907318676,0.24866215654498586,-0.3853400181610875
Dn,3,7,4,0.9711867362213047,0.1853723082034,0.2292175886906767,0.8558273761167108
Pa,3,8,2,0.9624973232506892,0.20865401660349758,0.26422466303414444,-0.37788714365500947
Dn,3,8,3,0.9686230510095235,0.19162255783494647,0.23772055227658742,0.8711807912389309
Pa,3,9,2,0.9581874714658628,0.22460438119342294,0.27881363062056436,-0.3658270188912678
Dn,3,9,2,0.9581869839907943,0.22457491649909792,0.2788122910664539,0.9754405358614022
Pa,3,10,2,0.9673169056215041,0.19687067926228569,0.24723234239382208,-0.37263165704655055
Dn,3,10,4,0.9816340116678359,0.15716409644085494,0.1847210192695392,0.5762278874827798
Pa,3,11,2,0.9591984103627222,0.21765583704875352,0.27550786484294465,-0.36972590768331925
Dn,3,11,4,0.9742178923553575,0.17281709774036205,0.2177856030250271,0.9232918411793246
Pa,3,12,3,0.9682083746625703,0.19845101704789456,0.23967898794053022,-0.37016884986746623
Dn,3,12,2,0.9645282840399411,0.21047179312773848,0.2572158747829353,0.9511887780050161
Pa,3,13,2,0.9652763197071548,0.20524498542838288,0.25449446601521697,-0.3636735719552636
Dn,3,13,2,0.9652757513366746,0.20536422939121599,0.25449271318335054,0.9599963874539347
Pa,3,14,2,0.9628781504517723,0.21361628920746062,0.2630724776664589,-0.37884163142252103
Dn,3,14,5,0.9723901306957456,0.17711134073851634,0.22115402451685556,0.9209168629905202
Pa,3,15,2,0.9633347580543304,0.20867000141690759,0.2613869873185298,-0.3799290033748581
Dn,3,15,4,0.9729265188978699,0.16728911232851276,0.22268642308536993,0.607184338652905
Pa,3,16,2,0.9605463822854203,0.21705661302969306,0.27099746545553893,-0.37255316276938655
Dn,3,16,4,0.9742339067647128,0.16912967335082743,0.21679832145386146,0.901036410125187
Pa,3,17,2,0.9609626852275951,0.20923340760627493,0.26968581121659635,-0.3746861996223584
Dn,3,17,4,0.9747731401564736,0.16953534452816119,0.21363624849773374,0.9161248605117245
Pa,3,18,2,0.9610014113606813,0.21018407237632794,0.2695950017899722,-0.36517050145406016
Dn,3,18,4,0.9736619638192643,0.1686995142171028,0.21885433527409817,0.5692827077239243
Pa,3,19,2,0.9723787888785759,0.18427358094761695,0.2275839723443792,-0.38088709022452305
Dn,3,19,3,0.9747279487995562,0.17580348594976228,0.21403412297880559,0.804955149232948
Pa,3,20,2,0.9620457524007796,0.20172679305689933,0.26565713038971117,-0.37562682725636987
Dn,3,20,2,0.962049320952042,0.2017479386039168,0.26565529134949095,0.9759949313618831
Pa,3,21,2,0.968556937982254,0.19895015321417664,0.24238573633811614,-0.36763840876930465
Dn,3,21,4,0.9812833166548605,0.16058324117472283,0.18436598873790458,0.7499857660387511
Pa,3,22,2,0.9610428010649681,0.2091223414434379,0.2692843127253299,-0.3768178784302692
Dn,3,22,5,0.9687652813298899,0.19013046217113175,0.23544488052576443,0.9606228370366169
Pa,3,23,2,0.9617695188731271,0.21982409749125978,0.26672674121233697,-0.38474317713094736
Dn,3,23,3,0.9688901403324841,0.1988137652936269,0.23691390337269627,0.9122653001326511
Pa,3,24,2,0.9634088778914321,0.20939071557014816,0.26116340031168894,-0.38460479601479325
Dn,3,24,2,0.9634094396353904,0.2093789854190499,0.26116375268323505,0.9843008962173783
Pa,3,25,2,0.9596286468183575,0.2220615152658603,0.27404497682451906,-0.3852020183765175
Dn,3,25,2,0.9596259999960964,0.2219590881131534,0.2740462205028621,1.0091724025871345
Pa,3,26,2,0.9623196349471854,0.2150764883652504,0.2645794388027678,-0.37699056797563285
Dn,3,26,2,0.9623203271702934,0.21513864666361698,0.2645768157491506,0.9907627720703405
Pa,3,27,2,0.9635455192150157,0.20282296190073743,0.2607240711698715,-0.3744560599458358
Dn,3,27,2,0.9635457666715624,0.2027843148885736,0.2607205597760017,1.005957221587425
Pa,3,28,2,0.9597931061667586,0.2169894477179166,0.2734838730792395,-0.37826866000553055
Dn,3,28,2,0.959792414400205,0.21699953782113512,0.2734834474350926,0.9782522499120642
Pa,3,29,2,0.9605395744373769,0.22657313191095504,0.27074136982968866,-0.3760424254589586
Dn,3,29,4,0.9695605861193579,0.1933085788526279,0.2342401634273211,0.9398421996274667
Pa,3,30,2,0.9612005845947562,0.21409097961162174,0.2684610052169189,-0.36937778358635537
Dn,3,30,2,0.9612008983981096,0.21404005402243798,0.26846040430096996,0.9624683073494162
Pa,3,31,2,0.9599559334608405,0.21898132355804312,0.2730468729285114,-0.3766846450701764
Dn,3,31,3,0.964132499748374,0.2124718730912865,0.25413560997342516,0.7799975909588109
Pa,3,32,2,0.9597188632143563,0.22786912243030671,0.27390281162671276,-0.37531938133588966
Dn,3,32,4,0.9642499927998238,0.20944002964442388,0.2535375839646801,0.9119986026393689
Pa,3,33,5,0.9644642167518693,0.20901737184204708,0.2509637465515823,-0.32796993005565134
Dn,3,33,4,0.9641884467267309,0.20465235357870548,0.2535873538087256,0.9320782280990543
Pa,3,34,2,0.960217525065228,0.22226694636960523,0.27200446158791075,-0.3707544408357155
Dn,3,34,3,0.964067436342479,0.2083526929402759,0.2540814912333705,0.8428408408674928
Pa,3,35,2,0.9633492379423855,0.20575947033955733,0.26134320730320953,-0.37732783355615573
Dn,3,35,4,0.9746124823612575,0.1665990576672909,0.21390188001958022,0.9257929267713141
Pa,3,36,3,0.967886149342638,0.19977159961809865,0.24082353332656653,-0.3610635230504995
Dn,3,36,2,0.9651496425637379,0.20394301105313276,0.25513031097788585,0.9924411292927945
Pa,3,37,2,0.9633488585964642,0.21181033181867492,0.26155806506746704,-0.3806530613867698
Dn,3,37,2,0.9633487562694626,0.21181477332418977,0.26155822342924695,0.9950564366920688
Pa,3,38,2,0.9606953451618432,0.2137307378078687,0.27052039068865613,-0.3694520818146162
Dn,3,38,3,0.9669394458441927,0.1973614856423027,0.24393758401781182,0.9095247880110385
Pa,3,39,2,0.9605337599600533,0.22010904920765975,0.2711242657675709,-0.37469293154024713
Dn,3,39,2,0.9605366451059252,0.22014290607937972,0.27112234869005253,0.9838491541083291
Pa,3,40,2,0.9606626863737885,0.21945432378477192,0.270213237285651,-0.37310654804528065
Dn,3,40,2,0.9606639945617406,0.2194010099974709,0.27021306870098744,0.9606805117944893
Pa,3,41,2,0.9649951940565903,0.20061790363442,0.2553161426921514,-0.3751151304535586
Dn,3,41,4,0.9806931145651318,0.13684936631022657,0.1870893945721043,0.8535031434321366
Pa,3,42,2,0.9643707692911109,0.207076831809275,0.25764725452172743,-0.37309231182640856
Dn,3,42,4,0.9763360684559192,0.16911143785114804,0.20725321914336692,0.5539211485254446
Pa,3,43,5,0.9670519359302211,0.20406387699101128,0.24063288057490217,-0.35891558036819554
Dn,3,43,2,0.9591248234148105,0.23050789991695075,0.27540820080487816,0.9606386470121037
Pa,3,44,2,0.9639184201379672,0.20925489281686835,0.2595517767313837,-0.3798576587790748
Dn,3,44,4,0.9721007795795524,0.18630173499194155,0.224522346550454,0.9279392455086449
Pa,3,45,2,0.9578450195368627,0.2269371650105654,0.2796642139369705,-0.3787952456707641
Dn,3,45,4,0.9683894795434301,0.1799311788011777,0.23911980832718258,0.9521508361382743
Pa,3,46,2,0.9642127549986338,0.20955095158302214,0.2581932684823204,-0.377462133094657
Dn,3,46,2,0.9642147070262895,0.2095757820641234,0.2581951323702086,0.9869007675704519
Pa,3,47,2,0.9591965584405968,0.2160841098592941,0.27534588912847907,-0.3667242167407812
Dn,3,47,4,0.9695558105022648,0.19484061061704355,0.23539888781206375,0.7555136614427782
Pa,3,48,2,0.959876060885202,0.22270618938584677,0.2731518490289491,-0.3695068398561828
Dn,3,48,4,0.9655642207950842,0.19728956816966478,0.2500007041231981,0.9838690989847929
Pa,3,49,2,0.9595163670522685,0.2230442963034946,0.27465496269638456,-0.3801482827842885
Dn,3,49,3,0.9664550160580861,0.19331302815684936,0.24588521574952546,0.8844279716091089
Pa,3,50,2,0.9623769350606576,0.20721650063009822,0.26477947095930915,-0.37766057129791225
Dn,3,50,4,0.9773600581525066,0.16373794762524155,0.2037643830633796,0.632714586830319
Pa,3,51,2,0.9647344999560784,0.21302011967854204,0.25631443818888056,-0.38439455050065013
Dn,3,51,3,0.970383139940115,0.1911797148991778,0.23081235323880395,0.7903857533371034
Pa,3,52,2,0.9624766044471953,0.20621663681417182,0.264245720009055,-0.37258192735679785
Dn,3,52,4,0.9768342374072333,0.16076481150471958,0.2045183827391345,0.8916268945659522
Pa,3,53,2,0.9660164486243586,0.20677901116460554,0.25162557090742455,-0.377001844777658
Dn,3,53,4,0.9752115297577388,0.16897489792019965,0.21185722719239097,0.8411768460234468
Pa,3,54,2,0.9639705426895159,0.21038346118044465,0.25894632772626835,-0.385611253205652
Dn,3,54,2,0.9639699884277776,0.21037782272114014,0.2589486716412364,0.9946223961735803
Pa,3,55,2,0.9633726555009664,0.2067598533759141,0.2613746234459804,-0.37214246333105105
Dn,3,55,2,0.9633726470292149,0.20676716681205945,0.2613747305825056,0.9906355332041284
Pa,3,56,2,0.9623617013881682,0.21566138334289975,0.26455584107613317,-0.3722251788695259
Dn,3,56,4,0.9770268333684848,0.17240206223086896,0.20498531091985614,0.5937688179939044
Pa,3,57,2,0.9608610514576706,0.21817843961615083,0.2697820989682858,-0.3614488160294111
Dn,3,57,4,0.9745669266583319,0.17219599893218698,0.21518808842380852,0.5418099587910022
Pa,3,58,2,0.9600498912843463,0.2183069220003756,0.27232694906871413,-0.3819878587827115
Dn,3,58,2,0.9600586251486678,0.21829271953657875,0.2723276106771468,1.0020468387253019
Pa,3,59,2,0.9567574069200627,0.22442099692257034,0.28340541790826934,-0.367192154815519
Dn,3,59,4,0.9710896264357081,0.19610082173923948,0.23021361883021013,0.5764725272629192
Pa,3,60,2,0.9575778686029585,0.23288944113688764,0.2808221324362452,-0.3731229642066913
Dn,3,60,4,0.9701447789828785,0.19399222136876115,0.23613346351278353,0.6006697281766621
Pa,3,61,2,0.959671966552476,0.21165989680280553,0.2735814819299481,-0.36809751519190526
Dn,3,61,5,0.9709268356291137,0.18550988732544496,0.22634296836041867,0.933634455043357
Pa,3,62,3,0.966561589845202,0.20435120175027768,0.24641375753935832,-0.3950892828890319
Dn,3,62,5,0.9675344863796523,0.19430662925987785,0.2397582529108184,0.9134934211440424
Pa,3,63,2,0.9592816534075018,0.21883948328137948,0.2750453289637011,-0.3703022875826258
Dn,3,63,3,0.9653837038212714,0.20385537057600445,0.24949097852148092,0.7419905799733122
Pa,3,64,5,0.9729639069197452,0.16963412746661388,0.21904361998838345,-0.3208402315856092
Dn,3,64,3,0.9672878387993386,0.18680575297263022,0.24258578372074138,0.7949650309134166
Pa,3,65,2,0.9607619198082481,0.21301128933589167,0.2701726215393572,-0.36840533209521986
Dn,3,65,4,0.9733751306487542,0.16651723601688107,0.22033989800472936,0.5545610904553211
Pa,3,66,2,0.9640522602737928,0.20815914093568097,0.25870235782575945,-0.3732753474170525
Dn,3,66,4,0.9761739761415519,0.17869205474248262,0.20800955713815233,0.62489591659568
Pa,3,67,2,0.9616110715899666,0.20739618289692008,0.2673172551441416,-0.3738940159100759
Dn,3,67,3,0.9680853137841785,0.19056931026543208,0.2398676534728971,0.7616858680023594
Pa,3,68,2,0.966012888333236,0.19578318881479206,0.2522240584445191,-0.37529057482398204
Dn,3,68,4,0.9775926112271479,0.1542719548972055,0.20346635529763096,0.6845251800912596
Pa,3,69,2,0.9619096487513261,0.2108301068194623,0.2658350191406374,-0.3739452969789472
Dn,3,69,5,0.9696971951585653,0.18446894065343547,0.2312582094415338,0.9733026998601877
Pa,3,70,2,0.9703926257664822,0.18949634768484064,0.23517440461710504,-0.3739941245155331
Dn,3,70,2,0.9703909549499109,0.18948347526424203,0.23517389115021234,0.9490058006580071
Pa,3,71,2,0.956513465173763,0.23242392766683936,0.28405126198604386,-0.37764351630666115
Dn,3,71,4,0.9723569956362293,0.17978651462193085,0.22384733229370748,0.8969642908362218
Pa,3,72,2,0.9600754936900621,0.21927490755723017,0.27250142872595795,-0.3703282269479077
Dn,3,72,4,0.9742754858397771,0.17912492432382976,0.21749599823410515,0.4944480216318738
Pa,3,73,2,0.9618675814310308,0.20694769968462803,0.2666166877309348,-0.37378215500489703
Dn,3,73,4,0.9694158104945346,0.18668837491299983,0.23593961346010545,0.5474202152094291
Pa,3,74,2,0.960943547675993,0.2151166182123502,0.2693912755736677,-0.36293236662343437
Dn,3,74,5,0.9713654108031444,0.18295247454359354,0.22693432893928794,0.884730892245155
Pa,3,75,2,0.9648294043783724,0.20552943638950946,0.25591899692231473,-0.37854646726768715
Dn,3,75,4,0.9797168126359265,0.15456386638756192,0.19153673628256432,1.010046986818485
Pa,3,76,2,0.954471726987686,0.22432776789704706,0.2906895599380097,-0.3631252153461902
Dn,3,76,4,0.9719273362607015,0.18484736941445162,0.2266998829719183,0.5573135122644634
Pa,3,77,2,0.9592530798104011,0.21063065179640403,0.2752128946492413,-0.36718030738010915
Dn,3,77,4,0.9683992482914364,0.18308702319496126,0.24084570176794717,0.5389497534760196
Pa,3,78,2,0.9650894603547236,0.20644847233504088,0.25525661051863385,-0.37681380358311567
Dn,3,78,4,0.9778506984475172,0.15692818910177045,0.20121346584346742,0.610057834210744
Pa,3,79,5,0.9650007575883713,0.20962578368703885,0.25031041980936053,-0.32191370504489925
Dn,3,79,3,0.9626840839350781,0.2071890755188874,0.2589371645688777,0.7938073215993977
Pa,3,80,3,0.9634847644517519,0.19911965002563176,0.2570339720683755,-0.4021764268992692
Dn,3,80,3,0.9668430055734177,0.1875523165963276,0.2447887818840904,0.9027850525806652
Pa,3,81,3,0.9677468203220058,0.19345066907868116,0.24126405771842405,-0.34684351223428717
Dn,3,81,4,0.9753317433660756,0.1776013924805909,0.21161310193343327,0.7675474691027028
Pa,3,82,2,0.9653121135274324,0.19986579504221455,0.25424352046345094,-0.37948524548907
Dn,3,82,2,0.965314059105613,0.19979053387850676,0.2542426800523052,0.9936766280370796
Pa,3,83,2,0.966049204879051,0.2004875831740994,0.2516596959530043,-0.3797107711932792
Dn,3,83,4,0.9776083080559178,0.16546583905880957,0.20300678416057721,0.6924777687183086
Pa,3,84,2,0.9592727132167335,0.22597316612178114,0.2751771600003826,-0.36544242644855024
Dn,3,84,5,0.9765352193704906,0.166976368164663,0.20555641247721282,0.6164578365644154
Pa,3,85,2,0.9649754704438918,0.20627132235648338,0.25538777919606137,-0.3714104673401572
Dn,3,85,4,0.9809920073193823,0.16133805528371875,0.19029982214621938,0.5080593853662958
Pa,3,86,2,0.9699004605425532,0.18800227996028604,0.2371638118405272,-0.38281969157624074
Dn,3,86,4,0.9805760049750576,0.14678452001624462,0.18861182017814923,0.7980874534771083
Pa,3,87,5,0.9657079744470153,0.2089587950373175,0.2458136937490784,-0.3190140569503309
Dn,3,87,4,0.9715177754709469,0.17734641642918056,0.22671633170851657,0.9631625771629502
Pa,3,88,2,0.9649864432318774,0.20947446271481218,0.2555496777805207,-0.3780678860893655
Dn,3,88,4,0.9743771144040809,0.17713352486773665,0.21717403463032509,0.6273422637649911
Pa,3,89,2,0.967144460780384,0.20341397584374787,0.24775560868198654,-0.3776873537154212
Dn,3,89,3,0.9693678269823428,0.19851504231383912,0.2353901290417886,0.9146267917219432
Pa,3,90,2,0.962144879204166,0.20893057201402554,0.2654105790796717,-0.37640728080590735
Dn,3,90,5,0.9723647722349503,0.17551215586954108,0.22065537488773254,0.9678626901275657
Pa,3,91,2,0.961925294528951,0.20697233236351664,0.26618640425214174,-0.37383739692816825
Dn,3,91,5,0.97192994339816,0.17566622854602512,0.2231505589349957,0.9252078881885959
Pa,3,92,2,0.9621117036477782,0.2026072452072957,0.2654335775142124,-0.3789568353355106
Dn,3,92,4,0.9785002302972441,0.15571158080108669,0.19978030993900925,0.6215268740477957
Pa,3,93,2,0.9602895695935053,0.21432643951346333,0.27179120009836083,-0.3637796933820097
Dn,3,93,3,0.9621625040525342,0.21107166930839974,0.2610288799522948,0.8736510865390154
Pa,3,94,2,0.9622977965132357,0.21253681827336365,0.26510884334600887,-0.3754780785580597
Dn,3,94,3,0.9671355841784163,0.19324988897750953,0.24362345941271166,0.9145122447983262
Pa,3,95,2,0.962877811233275,0.2090171678694302,0.2628238649767761,-0.3753244798469191
Dn,3,95,5,0.9766931078919245,0.16016264523041937,0.203513125201311,0.9656480569536772
Pa,3,96,2,0.9622026762766319,0.21216476330260442,0.2652959271608414,-0.37502642215271426
Dn,3,96,4,0.9684241185945655,0.19467755201536022,0.23908029567837852,0.5928211795629998
Pa,3,97,3,0.9603460080971077,0.22496200134812383,0.26675057604626357,-0.38789880119715087
Dn,3,97,2,0.9566872803811548,0.236986393827501,0.28348578269614233,0.9355318570607299
Pa,3,98,5,0.9719186087962771,0.18973716424350184,0.22285318511860566,-0.32794563707527213
Dn,3,98,3,0.9657321939389457,0.20136768739646677,0.24816131912806808,0.9035107662442691
Pa,3,99,2,0.9654196876193932,0.20025732563670898,0.2542505372399075,-0.37163914077962273
Dn,3,99,4,0.9761627422801467,0.16613507987301182,0.20769386923093497,0.879559635033438
Pa,3,100,2,0.9622872929803101,0.21537305724688616,0.2648325630947764,-0.3680169206193177
Dn,3,100,4,0.9808065436639001,0.1565838676075544,0.18943655726369713,0.49746613577234666
